PLAYERNAME,MLBID
David Aardsma,430911
Fernando Abad,472551
Andrew Abbott,671096
Cory Abbott,676265
Mick Abel,690953
CJ Abrams,682928
Albert Abreu,656061
Bobby Abreu,110029
Bryan Abreu,650556
Jose Abreu,547989
Tony Abreu,473234
Wilyer Abreu,677800
Jeremy Accardo,435618
Alfredo Aceves,469686
Domingo Acevedo,642758
Dustin Ackley,554429
Garrett Acton,670183
Luisangel Acuna,682668
Ronald Acuna,660670
Cristhian Adames,542436
Willy Adames,642715
Jason Adam,592094
Austin Adams,613534
Chance Adams,664856
David Adams,458691
Lane Adams,572669
Matt Adams,571431
Mike Adams,430606
Riley Adams,656180
Spencer Adams,656181
Jim Adduci,451192
Jo Adell,666176
Tim Adleman,534947
Joan Adon,672851
Ehire Adrianza,501303
Jeremy Affeldt,346793
Zach Agnos,688642
Dario Agrazal,642607
Jesus Aguilar,542583
Nick Ahmed,605113
Brady Aiken,656184
Keegan Akin,669211
Shogo Akiyama,673451
Andrew Albers,452027
Hanser Alberto,593643
Matt Albers,458006
Ozzie Albies,645277
Al Alburquerque,456379
Jorge Alcala,660896
Arismendy Alcantara,570489
Kevin Alcantara,682634
Kevin Alcantara,682634
Sandy Alcantara,645261
Sergio Alcantara,642727
Victor Alcantara,622505
Blaze Alexander,677942
Jason Alexander,669920
Scott Alexander,518397
Tyler Alexander,641302
A.J. Alexy,669935
Jorge Alfaro,595751
Anthony Alford,546990
Kolby Allard,663465
Austin Allen,664119
Cody Allen,592102
Greg Allen,656185
Logan Allen,663531
Logan Allen,671106
Nick Allen,669397
Abraham Almonte,501659
Yency Almonte,622075
Zoilo Almonte,501660
Albert Almora,546991
Pete Alonso,624413
Yonder Alonso,475174
Dan Altavilla,656186
Aaron Altherr,571437
Jose Altuve,514888
Jake Alu,666906
Andrew Alvarez,674841
Armando Alvarez,669137
Eddy Alvarez,657193
Francisco Alvarez,682626
Henderson Alvarez,506693
Jose Alvarez,501625
Jose Alvarado,621237
Nacho Alvarez,805373
Pedro Alvarez,476883
Yadier Alvarez,665751
Yordan Alvarez,670541
Adbert Alzolay,640470
Adael Amador,691182
Alexi Amarista,506560
Jacob Amaya,676070
Miguel Amaya,665804
Hector Ambriz,459932
Brett Anderson,474463
Bryan Anderson,457762
Brian Anderson,605119
Chase Anderson,502624
Cody Anderson,594736
Drew Anderson,623454
Grant Anderson,681982
Ian Anderson,666120
Justin Anderson,605121
Lars Anderson,502249
Nick Anderson,623433
Shaun Anderson,641312
Tim Anderson,641313
Tyler Anderson,542881
Robert Andino,435180
John Andreoli,607430
Matt Andriese,542882
Elvis Andrus,462101
Miguel Andujar,609280
Rick Ankiel,150449
Dean Anna,542883
Roman Anthony,701350
Tejay Antone,622088
Norichika Aoki,493114
Mark Appel,571446
Aristides Aquino,606157
Jonathan Aranda,666018
Victor Arano,644364
Jonathan Arauz,660620
Chris Archer,502042
Francisco Arcia,516472
Orlando Arcia,606115
Oswaldo Arcia,542455
Nolan Arenado,571448
J.P. Arencibia,450317
Gabriel Arias,672356
Joaquin Arias,435078
Kohei Arihara,685503
Rogelio Armenteros,660494
Shawn Armstrong,542888
Randy Arozarena,668227
Luis Arraez,650333
Jose Arredondo,461766
Jake Arrieta,453562
Spencer Arrighetti,681293
Bronson Arroyo,276520
Christian Arroyo,624414
Michael Arroyo,703197
Humberto Arteaga,600858
Cody Asche,605125
Aaron Ashby,676879
Braxton Ashcraft,677952
Graham Ashcraft,668933
Alec Asher,594742
Javier Assad,665871
Willians Astudillo,553902
Carlos Asuaje,641319
Scott Atchison,425786
Garrett Atkins,425548
Phillippe Aumont,518418
Tyler Austin,592122
Drew Avans,682183
Xavier Avery,542897
Alex Avila,488671
Luis Avilan,501593
Nick Avila,687014
Pedro Avila,658648
Mike Aviles,449107
Dylan Axelrod,518420
John Axford,446099
Luis Ayala,425646
Erick Aybar,430947
Jose Azocar,640492
Akil Baddoo,668731
Burke Badenhop,488674
Harrison Bader,664056
Ji-Hwan Bae,678225
Javier Baez,595879
Michel Baez,673258
Pedro Baez,520980
Andrew Bailey,457732
Brandon Bailey,669064
Homer Bailey,456701
Patrick Bailey,672275
Bryan Baker,641329
Jeff Baker,425557
John Baker,434633
Luken Baker,663609
Scott Baker,435044
Jordan Balazovic,666364
Brooks Baldwin,681460
Drake Baldwin,686948
Collin Balester,444446
Grant Balfour,346797
Moises Ballesteros,694208
Anthony Banda,607455
Jett Bandy,542908
Tanner Banks,621383
Manny Banuelos,544365
Rod Barajas,150148
Daniel Bard,453268
Luke Bard,572703
Addison Barger,680718
Joe Barlow,669618
Scott Barlow,605130
Clint Barmes,425549
Austin Barnes,605131
Brandon Barnes,488681
Darwin Barney,446381
Danny Barnes,592130
Jacob Barnes,606930
Matt Barnes,598264
Scott Barnes,488683
Tony Barnette,501817
Tucker Barnhart,571466
Kyle Barraclough,607457
Aaron Barrett,502578
Franklin Barreto,620439
Jake Barrett,545332
Luis Barrera,642456
Tres Barrera,668663
Jaime Barria,642545
Joey Bart,663698
Jason Bartlett,430583
Daric Barton,435558
Osleivis Basabe,678545
Samuel Basallo,694212
Anthony Bass,542914
Chris Bassitt,605135
Brady Basso,669620
Antonio Bastardo,455374
Miguel Batista,110683
Matthew Batten,676946
Peyton Battenfield,685410
Brett Baty,683146
Jake Bauers,641343
Trevor Bauer,545333
Mike Baumann,657508
Felix Bautista,642585
Jose Bautista,430832
Rafael Bautista,622441
Mike Baxter,488689
Jason Bay,424726
Shane Baz,669358
Travis Bazzana,683953
Brandon Beachy,545404
Matt Beaty,607461
Blake Beavan,518444
Dylan Beavers,687637
Chad Beck,444447
Chris Beck,571476
Josh Beckett,277417
Gordon Beckham,493596
Tim Beckham,542921
Jordan Beck,687597
Tristan Beck,663941
Erik Bedard,407853
David Bednar,670280
Cam Bedrosian,592135
Tyler Beede,595881
Jalen Beeks,656222
Dallas Beeler,542923
Seth Beer,666179
Clayton Beeter,690925
Matt Belisle,279571
Ronald Belisario,430613
Jeff Beliveau,542924
Chad Bell,518445
Heath Bell,425514
Cody Bellinger,641355
Josh Bell,605137
Brayan Bello,678394
Valente Bellozo,678368
Duane Below,502102
Brandon Belt,474832
Adrian Beltre,134181
Carlos Beltran,136860
Anthony Bemboom,621532
Anthony Bender,669622
Andrew Benintendi,643217
Joaquin Benoit,276542
Joe Benson,501994
Will Benson,666181
Ryan Bergert,686701
Christian Bergman,548357
Lance Berkman,204020
Brennan Bernardino,657514
Roger Bernadina,465668
Warming Bernabel,682653
Wynton Bernard,592144
Jose Berrios,621244
Prelander Berroa,672860
Steward Berroa,672642
Quintin Berry,450641
Jon Berti,542932
Dellin Betances,476454
Rafael Betancourt,429783
Yuniesky Betancourt,435358
Wilson Betemit,400140
Christian Bethancourt,542194
Chad Bettis,518452
Mookie Betts,605141
Joe Biagini,607352
Jeff Bianchi,488703
Tanner Bibee,676440
Austin Bibens-Dirkx,502212
Bo Bichette,666182
Phil Bickford,641360
Jesse Biddle,592145
Osvaldo Bido,674370
Shane Bieber,669456
Brandon Bielak,656232
Justice Bigbie,694425
Hunter Bigge,685801
Cavan Biggio,624415
Chad Billingsley,451532
Greg Bird,595885
Jacob Bird,656234
Hayden Birdsong,806185
Braden Bishop,623323
Brian Bixler,444448
Ty Blach,621389
Charlie Blackmon,453568
Clayton Blackburn,607185
Mason Black,696131
Nick Blackburn,448147
Paul Blackburn,621112
Ray Black,605143
Travis Blackley,429715
Tyler Black,672012
Vic Black,502195
Aaron Blair,594760
Casey Blake,232694
Bradley Blalock,687134
Andres Blanco,433217
Dairon Blanco,680118
Gregor Blanco,453923
Henry Blanco,111072
Ronel Blanco,669854
Alex Blandino,607468
Kyle Blanks,452035
Travis Blankenhorn,663905
Joe Blanton,430599
Jabari Blash,518466
J.J. Bleday,668709
Richard Bleier,542947
Jerry Blevins,460283
Ryan Bliss,669208
Willie Bloomquist,217100
Jake Bloss,814005
AJ Blubaugh,805123
Brennan Boesch,453269
Xander Bogaerts,593428
Mitchell Boggs,459939
Brian Bogusevic,460131
Alec Bohm,664761
Mike Bolsinger,502211
Skye Bolt,621450
Jeremy Bonderman,425827
Emilio Bonifacio,466988
Jorge Bonifacio,593528
Julio Borbon,474865
Ryan Borucki,621366
J.C. Boscan,400268
David Bote,623520
Sean Bouchard,656248
Jason Bourgeois,430652
Peter Bourjos,488721
Justin Bour,571506
Michael Bourn,456422
Michael Bowden,476601
Matt Bowman,621199
Brad Boxberger,502202
Matt Boyd,571510
Blaine Boyer,430641
Joe Boyle,671212
Brad Brach,542960
Silvino Bracho,611093
Dallas Braden,460284
Chasen Bradford,607473
Cody Bradford,674003
Kyle Bradish,680694
Archie Bradley,605151
Bobby Bradley,656252
Jackie Bradley Jr.,598265
Milton Bradley,150396
Taj Bradley,671737
Michael Brantley,488726
Rob Brantly,542963
Russell Branyan,137140
Matt Brash,666374
Ryan Brasier,518489
Steven Brault,643230
Ryan Braun,460075
Huascar Brazoban,623211
John Brebbia,605154
Alex Bregman,608324
Brandon Brennan,592165
Will Brennan,686823
Jake Brentz,641394
Craig Breslow,444520
Colten Brewer,605155
Austin Brice,592169
Jose Briceno,593993
Jonah Bride,681146
Parker Bridwell,592170
Beau Brieske,689225
Jeff Brigham,656257
Reid Brignac,458582
Lewis Brinson,621446
Braden Bristo,668754
Jhony Brito,666745
Juan Brito,682877
Socrates Brito,593647
Zach Britton,502154
Connor Brogdon,641401
Aaron Brooks,605156
Trenton Brooks,670092
Michael Brosseau,670712
Rex Brothers,571521
Andrew Brown,518500
Barret Browning,446135
Ben Brown,676962
Domonic Brown,502126
Gary Brown,518502
Hunter Brown,686613
Seth Brown,664913
Trevor Brown,623143
Jonathan Broxton,455009
Keon Broxton,542979
JT Brubaker,664141
Jay Bruce,457803
Jaycob Brugman,595144
Vidal Brujan,660644
Kris Bryant,592178
Kris Bubic,663460
David Buchanan,571527
Clay Buchholz,453329
Ryan Buchter,488748
John Buck,407833
Walker Buehler,621111
Mark Buehrle,279824
J.B. Bukauskas,656266
Madison Bumgarner,518516
Aaron Bummer,607481
Dylan Bundy,605164
Nick Burdi,595897
Peyton Burdick,680814
Jake Burger,669394
Enrique Burgos,542609
Brock Burke,656271
Greg Burke,457566
Sean Burke,680732
Alec Burleson,676475
A.J. Burnett,150359
Alex Burnett,488751
Corbin Burnes,669203
Sean Burnett,430634
Billy Burns,542993
Chase Burns,695505
Pat Burrell,150100
Beau Burrows,663366
Mike Burrows,681347
Jared Burton,454537
Michael Busch,683737
Ky Bush,681066
Matt Bush,456713
Drew Butera,460077
Billy Butler,456714
Eddie Butler,572750
Joey Butler,542994
Lawrence Butler,671732
Jose Butto,676130
Ty Buttrey,621142
Byron Buxton,621439
Tim Byrdak,136263
Marlon Byrd,407781
Jose Caballero,676609
Trey Cabbage,663550
Asdrubal Cabrera,452678
Edward Cabrera,665795
Everth Cabrera,465784
Genesis Cabrera,650893
Mauricio Cabrera,606291
Melky Cabrera,466320
Miguel Cabrera,408234
Orlando Cabrera,111851
Oswaldo Cabrera,665828
Jac Caglianone,695506
Trevor Cahill,502239
Lorenzo Cain,456715
Matt Cain,430912
Owen Caissie,683357
Kole Calhoun,594777
Willie Calhoun,641432
Alberto Callaspo,430948
Alex Call,669743
Johan Camargo,622666
Daz Cameron,663662
Mike Cameron,111904
Noah Cameron,702070
Arquimedes Caminero,491708
Junior Caminero,691406
Tony Campana,542999
Eric Campbell,493472
Kristian Campbell,692225
Gustavo Campero,672569
Shawn Camp,425861
Luis Campusano,669134
Alexander Canario,672744
Jeimer Candelario,600869
Mark Canha,592192
Griffin Canning,656288
Jonathan Cannon,686563
Robinson Cano,429664
Yennier Cano,666974
Joey Cantillo,676282
Jorge Cantu,408305
Russ Canzler,444453
Dominic Canzone,686527
Conner Capel,668843
Carter Capps,605169
Matt Capps,448165
Vinny Capra,681962
Chris Capuano,425626
Victor Caratini,605170
Adrian Cardenas,502133
Stephen Cardullo,506924
Andrew Carignan,446398
Shane Carle,641438
Dylan Carlson,666185
Roberto Hernandez,433584
Andrew Carpenter,502165
Chris Carpenter,112020
Chris Carpenter,452764
David Carpenter,502304
David Carpenter,518526
Kerry Carpenter,681481
Matt Carpenter,572761
Ryan Carpenter,543001
Mike Carp,455077
Carlos Carrasco,471911
D.J. Carrasco,425647
Ezequiel Carrera,485567
Joel Carreno,468528
Corbin Carroll,682998
Jamey Carroll,425206
Robert Carson,518533
Diego Cartaya,682616
Chris Carter,474892
Evan Carter,694497
Curt Casali,592200
Triston Casas,671213
Andrew Cashner,488768
Alexi Casilla,458210
Santiago Casilla,433586
Ben Casparius,676508
Bobby Cassevah,445001
Daniel Castano,641447
Alex Castellanos,543008
Humberto Castellanos,528748
Nick Castellanos,592206
Ryan Castellani,624418
Diego Castillo,650895
Diego Castillo,660636
Jose Castillo,620454
Luis Castillo,622491
Max Castillo,666721
Rusney Castillo,628329
Welington Castillo,456078
Harold Castro,605612
Jason Castro,488771
Miguel Castro,612434
Rodolfo Castro,666801
Starlin Castro,516770
Willi Castro,650489
Cade Cavalli,676917
Jake Cave,595909
Dylan Cease,656302
Garin Cecchini,594555
Gavin Cecchini,608325
Slade Cecconi,677944
Brett Cecil,446399
Leandro Cedeno,660681
Ronny Cedeno,430592
Xavier Cedeno,458584
Gilberto Celestino,665482
Juan Centeno,518542
Francisco Cervelli,465041
Yoenis Cespedes,493316
Luis Cessa,570666
Jhoulys Chacin,468504
Andrew Chafin,605177
Adron Chambers,518545
Joba Chamberlain,501955
Bubba Chandler,696149
Yu Chang,644374
Andres Chaparro,665953
Aroldis Chapman,547973
Matt Chapman,656305
J.T. Chargois,608638
Tyler Chatwood,543022
Endy Chavez,346795
Eric Chavez,136767
Jesse Chavez,445926
Michael Chavis,656308
Bruce Chen,136600
Wei-Yin Chen,612672
Robinson Chirinos,455139
Yonny Chirinos,630023
Lonnie Chisenhall,502082
Jazz Chisholm,665862
Randy Choate,329092
Michael Choice,574831
Ji-Man Choi,596847
Shin-Soo Choo,425783
Jackson Chourio,694192
Vinnie Chulk,425562
Marc Church,687847
Nathan Church,701675
Adam Cimber,643256
Tony Cingrani,571561
Pedro Ciriaco,465674
Steve Cishek,518553
Jose Cisnero,542585
Nick Ciuffo,624419
Aaron Civale,650644
Chris Clarke,669247
Denzel Clarke,672016
Max Clark,703601
Taylor Clarke,664199
Emmanuel Clase,661403
Jonatan Clase,682729
Alex Claudio,592222
Garrett Cleavinger,664076
Ernie Clement,676391
Jeff Clement,459943
Kody Clemens,665019
Paul Clemens,518560
Maikel Cleto,521055
Steve Clevenger,502182
Mike Clevinger,605182
Tyler Clippard,461325
Tyler Cloyd,543031
Jason Coats,605183
Alex Cobb,502171
Kyle Cody,621129
Robert Coello,445193
Chris Coghlan,458085
Phil Coke,457435
Chris Colabello,499624
Oscar Colas,693049
A.J. Cole,595918
Gerrit Cole,543037
Dusty Coleman,543038
Dylan Coleman,669395
Louis Coleman,488786
Taylor Cole,518566
Zach Cole,805904
Isaac Collins,686555
Tim Collins,525768
Tyler Collins,607385
Zack Collins,641470
Josh Collmenter,518567
Alex Colome,517008
Bartolo Colon,112526
Christian Colon,518568
Tyler Colvin,502125
Charlie Condon,809707
Michael Conforto,624424
Hank Conger,474233
Griffin Conine,665052
Adam Conley,543045
Jose Constanza,468429
Jose Contreras,425747
Mark Contreras,676628
Roansy Contreras,672710
Willson Contreras,575929
William Contreras,661388
Aaron Cook,346871
Billy Cook,695257
Ryan Cook,475857
Tim Cooney,608641
Sam Coonrod,656322
David Cooper,476036
Garrett Cooper,643265
Patrick Corbin,571578
Francisco Cordero,150188
Franchy Cordero,614173
Jimmy Cordero,622772
Ryan Cordell,641477
Allen Cordoba,642707
Carlos Corporan,449786
Carlos Correa,621043
Kevin Correia,429781
Carlos Cortes,666126
Nestor Cortes,641482
Jarred Cosart,543054
Mike Costanzo,453068
Caleb Cotham,571584
Jharel Cotton,605194
Neal Cotts,425840
Daniel Coulombe,543056
Jake Cousins,664776
Dylan Covey,592229
Kaleb Cowart,592230
Collin Cowgill,518577
Colton Cowser,681297
Austin Cox,680735
Zack Cox,543059
Zack Cozart,446359
Dylan Cozens,622226
Allen Craig,501800
Jesse Crain,430884
Tyler Cravy,572788
Brandon Crawford,543063
Carl Crawford,408307
Evan Crawford,457751
J.P. Crawford,641487
Justin Crawford,702222
Kutter Crawford,676710
Dylan Crews,686611
Stefan Crichton,592233
Kyle Crick,605195
Nabil Crismatt,622503
Coco Crisp,424825
Cooper Criswell,681867
Garrett Crochet,676979
C.J. Cron,543068
Jake Cronenworth,630105
Kevin Cron,605196
Casey Crosby,518582
Aaron Crow,543070
Pete Crow-Armstrong,691718
Trevor Crowe,460067
Wil Crowe,640444
Fernando Cruz,518585
Luis Cruz,458501
Nelson Cruz,443558
Oneil Cruz,665833
Rhiner Cruz,462480
Tony Cruz,488810
Michael Cuddyer,150212
Johnny Cueto,456501
Noel Cuevas,571595
Charlie Culberson,518586
Brandon Cumpton,592238
Todd Cunningham,592239
Xzavion Curry,675540
John Curtiss,595928
Jack Cust,400091
Cheslor Cuthbert,596144
David Dahl,621311
Bobby Dalbec,666915
Johnny Damon,113028
Caden Dana,702674
Davis Daniel,669721
John Danks,433579
Jordan Danks,458668
Chase d'Arnaud,488818
Travis D'Arnaud,518595
James Darnell,543083
Yu Darvish,506433
Matt Davidson,571602
Tucker Davidson,656353
Kyle Davies,434678
Zach Davies,605200
Austin Davis,656354
Brennen Davis,680695
Chris Davis,448801
Doug Davis,150277
Henry Davis,680779
Ike Davis,477195
Jaylin Davis,664041
J.D. Davis,605204
Jonathan Davis,641505
Khris Davis,501981
Rajai Davis,434658
Wade Davis,451584
Grant Dayton,594795
Yonathan Daza,602074
Austin Dean,621573
Alejandro De Aza,457477
Jaff Decker,543094
Samuel Deduno,465679
Justin De Fratus,518603
Brett De Geus,676969
Jacob deGrom,594798
David DeJesus,430203
Ivan De Jesus,474443
Chase De Jong,608328
Paul DeJong,657557
Steve Delabar,447755
Bryan De La Cruz,650559
Elly De La Cruz,682829
Dane de la Rosa,451773
Rubby de la Rosa,523989
Chase DeLauter,800050
Jason Delay,641511
Adrian Del Castillo,680728
Jose De Leon,592254
Randall Delgado,517414
Nick Delmonico,547170
Zach DeLoach,676113
Deyvison De Los Santos,691277
Enyel De Los Santos,660853
Fautino De Los Santos,501745
Yerry De Los Santos,660787
Enerio Del Rosario,491688
Jonny Deluca,676356
Travis Demeritte,641513
Ryan Dempster,133225
Matt den Dekker,544925
Chris Denorfia,456121
Mark DeRosa,136660
Daniel Descalso,518614
Anthony DeSclafani,543101
Delino Deshields Jr.,592261
Ian Desmond,435622
Odrisamer Despaigne,628333
Reid Detmers,672282
Ross Detwiler,446321
Chris Devenski,606965
Rafael Devers,646240
Cole DeVries,453301
Leo De Vries,815888
Blake Dewitt,455088
Zach Dezenzo,701305
Scott Diamond,539438
Aledmys Diaz,649557
Alexis Diaz,664747
Edwin Diaz,621242
Elias Diaz,553869
Isan Diaz,656371
Jairo Diaz,545064
Jordan Diaz,672478
Juan Diaz,501726
Jumbo Diaz,471822
Lewin Diaz,650331
Matt Diaz,429841
Yandy Diaz,650490
Yainer Diaz,673237
Yilber Diaz,700270
Yusniel Diaz,666783
Alex Dickerson,543105
Chris Dickerson,447736
Corey Dickerson,572816
R.A. Dickey,285079
Brandon Dickson,505447
Jake Diekman,518617
Derek Dietrich,518618
Wilmer Difo,594694
Tim Dillard,457422
Dillon Dingler,693307
Nick Dini,664926
Andy Dirks,543108
Brandon Dixon,641525
Hunter Dobbins,690928
Greg Dobbs,425785
Randy Dobnak,677976
Dylan Dodd,689266
Rafael Dolis,503569
Chase Dollander,801403
Jasson Dominguez,691176
Matt Dominguez,518625
Seranthony Dominguez,622554
Jason Donald,453228
Josh Donaldson,518626
Brendan Donovan,680977
Sean Doolittle,448281
Felix Doubront,467094
Octavio Dotel,136734
Ryan Doumit,425491
Camilo Doval,666808
Darin Downs,445153
Jeter Downs,669023
Matt Downs,453303
Scott Downs,275933
Brenton Doyle,686668
Brian Dozier,572821
Hunter Dozier,641531
Kyle Drabek,475138
Oliver Drake,543118
J.D. Drew,136770
Stephen Drew,452220
Jack Dreyer,676263
Logan Driscoll,686482
Brandon Drury,592273
Mauricio Dubon,643289
Justin Duchscherer,407113
Lucas Duda,446263
Brian Duensing,488846
Tyler Duffey,608648
Danny Duffy,518633
Matt Duffy,622110
Steven Duggar,621453
Robert Dugger,667498
Zach Duke,435043
Ryan Dull,623430
Shelley Duncan,455167
Adam Dunn,276055
Blake Dunn,694362
Dane Dunning,641540
Justin Dunn,643290
Mike Dunn,445197
Oliver Dunn,686554
Jon Duplantier,641541
Ezequiel Duran,677649
Jarren Duran,680776
Jhoan Duran,661395
Caleb Durbin,702332
Chad Durbin,239795
Adam Duvall,594807
Jarrod Dyson,502481
Sam Dyson,473879
Connelly Early,813349
Adam Eaton,594809
Nate Eaton,681987
David Eckstein,275930
Jake Eder,671109
Josh Edgin,572831
Tommy Edman,669242
Jim Edmonds,113744
Carl Edwards,605218
Xavier Edwards,669364
Payton Eeles,823356
Scott Effross,664123
Zach Eflin,621107
Brett Eibner,518649
Jerad Eickhoff,595191
Scott Elbert,455092
Bryce Elder,693821
Bryce Eldridge,805811
Roenis Elias,606273
Tim Elko,671284
A.J. Ellis,454560
Drew Ellis,656403
Mark Ellis,407885
Jacoby Ellsbury,453056
Jake Elmore,518653
John Ely,518655
Kent Emanuel,592288
Christian Encarnacion-Strand,687952
Edwin Encarnacion,429665
Jerar Encarnacion,666464
Adam Engel,641553
Mason Englert,669438
Tristin English,663536
Blayne Enlow,669416
Barry Enright,446264
Nic Enright,663671
Nathan Eovaldi,543135
Cody Eppley,543136
Lucas Erceg,668674
Robbie Erlin,572362
Phil Ervin,640447
J.C. Escarra,641555
Alcides Escobar,444876
Eduardo Escobar,500871
Yunel Escobar,488862
Tom Eshelman,664045
Anderson Espinoza,659262
Danny Espinosa,457787
Daniel Espino,682982
Paolo Espino,502179
Santiago Espinal,669289
Joey Estes,683155
Carlos Estevez,608032
Jeremiah Estrada,669093
Marco Estrada,462136
Thairo Estrada,642731
Andre Ethier,444843
Demarcus Evans,663770
Logan Evans,688138
Phillip Evans,595943
Luis Exposito,458701
Alex Faedo,656412
Peter Fairbanks,664126
Stuart Fairchild,656413
Bailey Falter,663559
Irving Falu,458252
Jeurys Familia,544727
Jacob Faria,607188
Buck Farmer,571656
Kyle Farmer,571657
Kyle Farnsworth,150035
Danny Farquhar,543144
Eric Farris,456544
Calvin Faucher,676534
Taylor Featherston,605227
Erick Fedde,607200
Tim Federowicz,543148
Scott Feldman,444857
Pedro Feliciano,408230
Michael Feliz,593140
Neftali Feliz,491703
Ryan Feltner,663372
Caleb Ferguson,657571
Tyler Ferguson,621053
Freddy Fermin,666023
Jose Fermin,665877
Jose Fernandez,605228
Jose Miguel Fernandez,628336
Ryan Fernandez,681676
Yanquiel Fernandez,692585
Jose A. Ferrer,678606
David Festa,701581
Matthew Festa,670036
J.P. Feyereisen,656420
Chuckie Fick,518674
Josh Fields,451661
Johnny Field,608654
Prince Fielder,425902
Casey Fien,502272
Mike Fiers,571666
Stephen Fife,543155
Chone Figgins,408210
Pedro Figueroa,471896
Heath Fillmyer,641571
Brandon Finnegan,605232
Kyle Finnegan,640448
Braydon Fisher,680755
Derek Fisher,605233
Doug Fister,450729
Richard Fitts,690916
Tyler Fitzgerald,666149
Jack Flaherty,656427
Ryan Flaherty,475247
Josh Fleming,676596
David Fletcher,664058
Dominic Fletcher,666150
Chris Flexen,623167
Jesus Flores,435520
Ramon Flores,570717
Wilmer Flores,527038
Wilmer Flores,695865
Estevan Florial,664314
Pedro Florimon,465753
Dylan Floro,571670
Tyler Flowers,452095
Gavin Floyd,425856
Brian Flynn,543169
Jason Foley,671345
Mike Foltynewicz,592314
Wilmer Font,521655
Harry Ford,695670
Lew Ford,217915
Mike Ford,645801
Logan Forsythe,523253
Nick Fortes,663743
Justin Foscue,679822
Matt Foster,641582
Dexter Fowler,451594
Dustin Fowler,641583
Lucius Fox,665650
Jake Fraley,641584
Ben Francisco,450204
Bowden Francis,670102
Frank Francisco,407911
Jeff Francis,433585
Jeff Francoeur,425796
J.P. France,641585
Juan Francisco,464433
Maikel Franco,596748
Ty France,664034
Wander Franco,677551
Kevin Frandsen,435623
Nick Franklin,545338
Ryan Franklin,211041
Jason Frasor,430630
Nick Frasso,693308
Adam Frazier,624428
Clint Frazier,640449
Todd Frazier,453943
Alex Freeland,690976
Kyle Freeland,607536
Freddie Freeman,518692
Mike Freeman,502273
Sam Freeman,518693
Tyler Freeman,671289
David Freese,501896
David Freitas,571679
Sal Frelick,686217
Carlos Frias,516910
Christian Friedrich,543184
Max Fried,608331
TJ Friedl,670770
Ernesto Frieri,457117
David Fry,681807
Jace Fry,605240
Paul Fry,643316
Brian Fuentes,150118
Didier Fuentes,800311
Josh Fuentes,658069
Reymond Fuentes,571681
Kyuji Fujikawa,493117
Shintaro Fujinami,660261
Kosuke Fukudome,493120
Sam Fuld,453539
Carson Fulmer,608334
Michael Fulmer,605242
Charlie Furbush,518703
Rafael Furcal,279577
Hunter Gaddis,683769
Armando Galarraga,451482
Cam Gallagher,595956
Yovani Gallardo,451596
Giovanny Gallegos,606149
Zac Gallen,668678
Isaac Galloway,543194
Joey Gallo,608336
Freddy Galvis,520471
Ben Gamel,592325
Mat Gamel,451143
John Gant,607231
Adonis Garcia,611177
Adolis Garcia,666969
Anthony Garcia,571685
Aramis Garcia,605244
Avisail Garcia,541645
Bryan Garcia,650530
Christian Garcia,451600
Deivi Garcia,665620
Dermis Garcia,660650
Edgar Garcia,658305
Freddy Garcia,150119
Greg Garcia,594824
Jaime Garcia,448802
Jarlin Garcia,606424
Jose Barrero,676480
Leury Garcia,544725
Luis Garcia,472610
Luis Garcia,671277
Luis Garcia,677651
Maikel Garcia,672580
Robert Garcia,676395
Robel Garcia,596825
Rony Garcia,665621
Willy Garcia,591994
Yimi Garcia,554340
Brett Gardner,458731
Jon Garland,279782
Kyle Garlick,664247
Dustin Garneau,572863
Amir Garrett,607237
Braxton Garrett,666129
Reed Garrett,657585
Stone Garrett,656448
Mitch Garver,641598
Matt Garza,490063
Ralph Garza Jr.,621248
Robert Gasser,688107
Evan Gattis,594828
Chad Gaudin,429985
Kevin Gausman,592332
Sam Gaviglio,543208
Cory Gearrin,518715
Dillon Gee,518716
Zack Gelof,680869
Steve Geltz,544993
Scooter Gennett,571697
Craig Gentry,502226
Tyler Gentry,694355
Michael Gerber,595222
Domingo German,593334
Franklin German,681464
Gonzalez Germen,542674
Chris Getz,460051
Jason Giambi,114739
Johnny Giavotella,543213
Kyle Gibson,502043
Tayron Guerrero,594027
Drew Gilbert,687551
Logan Gilbert,669302
Tyler Gilbert,656457
Ken Giles,571704
Conor Gillaspie,543216
Luis Gil,661563
Andres Gimenez,665926
Chris Gimenez,460269
Hector Gimenez,430591
Caleb Gindl,518725
Kevin Ginkel,656464
J.T. Ginn,669372
Lucas Giolito,608337
Sawyer Gipson-Long,687830
Mychal Givens,571710
Tyler Glasnow,607192
Troy Glaus,136267
Koda Glover,606983
Graham Godfrey,453232
Zack Godley,643327
Tyler Goeddel,595963
Luiz Gohara,627894
Ryan Goins,572365
Paul Goldschmidt,502671
Austin Gomber,596295
Jonny Gomes,430404
Yan Gomes,543228
Carlos Gomez,460576
Moises Gomez,664332
Jeanmar Gomez,491646
Mauro Gomez,450855
Yoendrys Gomez,672782
Stephen Gonsalves,624427
Tony Gonsolin,664062
Adrian Gonzalez,408236
Alex Gonzalez,136460
Alberto Gonzalez,471868
Carlos Gonzalez,471865
Chi Chi Gonzalez,592346
Erik Gonzalez,570481
Gio Gonzalez,461829
Luis Gonzalez,670768
Marwin Gonzalez,503556
Marco Gonzales,594835
Michael Gonzalez,283166
Miguel Gonzalez,456068
Miguel A. Gonzalez,646057
Nick Gonzales,693304
Oscar Gonzalez,660757
Romy Gonzalez,663853
Severino Gonzalez,605894
Victor Gonzalez,624647
Wikelman Gonzalez,682790
Hunter Goodman,696100
Niko Goodrum,592348
Brian Goodwin,571718
Nick Goody,580792
Alex Gordon,460086
Colton Gordon,676467
Dee Strange-Gordon,543829
Nick Gordon,624503
Tanner Gordon,685299
MacKenzie Gore,669022
Terrance Gore,605253
Nolan Gorman,669357
Darin Gorski,571719
Tom Gorzelanny,452733
Anthony Gose,543238
Tuffy Gosewisch,488912
Daniel Gossett,605254
Phil Gosselin,594838
Trevor Gott,641627
Lourdes Gurriel,666971
Yulieski Gurriel,493329
Woo Suk Go,808970
Gordon Graceffo,700669
Matt Grace,594840
Curtis Granderson,434158
Yasmani Grandal,518735
Zack Granite,643335
Brusdar Graterol,660813
Kendall Graveman,608665
Jon Gray,592351
Josiah Gray,680686
Sonny Gray,543243
Chad Green,643338
Conner Greene,641632
Grant Green,502205
Hunter Greene,668881
Riley Greene,682985
Shane Greene,572888
Taylor Green,488919
Tyler Greene,460022
Zach Greene,681891
Luke Gregerson,502381
Kevin Gregg,276514
Didi Gregorius,544369
Grayson Greiner,606988
Zack Greinke,425844
Randal Grichuk,545341
A.J. Griffin,456167
Foster Griffin,656492
Jason Grilli,276351
Justin Grimm,518748
Trent Grisham,663757
Vaughn Grissom,687093
Jason Groome,666130
Jordan Groshans,677954
Robbie Grossman,543257
Michael Grove,675627
Robert Gsellman,607229
Alexander Guerrero,648717
Javy Guerra,457915
Junior Guerra,448855
Matt Guerrier,407825
Taylor Guerrieri,605260
Vladimir Guerrero,115223
Vladimir Guerrero Jr.,665489
Carlos Guillen,136722
Jose Guillen,115229
Luis Guillorme,641645
Jandel Gustave,594311
Ryan Gusto,687473
Jeremy Guthrie,425386
Franklin Gutierrez,429711
Kelvin Gutierrez,642721
Vladimir Gutierrez,661269
Brandon Guyer,446386
Jesus Guzman,461882
Ronald Guzman,608597
Tony Gwynn,448242
Jedd Gyorko,576397
Eric Haase,606992
Josh Hader,623352
Travis Hafner,400098
Nick Hagadone,444935
Sam Haggerty,664059
Jesse Hahn,534910
Jerry Hairston,150020
Scott Hairston,430668
David Hale,571735
Roy Halladay,136880
Bill Hall,407849
Darick Hall,669742
DL Hall,669084
Matt Hall,664180
Seth Halvorsen,678020
Cole Hamels,430935
Billy Hamilton,571740
David Hamilton,666152
Ian Hamilton,641656
Josh Hamilton,285078
Jason Hammel,434628
Garrett Hampson,641658
Chase Hampton,694633
Emerson Hancock,676106
Brad Hand,543272
Brenan Hanifee,669724
Mitch Haniger,571745
Ryan Hanigan,452672
Jack Hannahan,435219
Joel Hanrahan,430629
Alec Hansen,641662
Alen Hanson,593700
Tommy Hanson,462102
Ian Happ,664023
J.A. Happ,457918
Aaron Harang,421685
Rich Harden,425848
Blaine Hardy,543278
J.J. Hardy,429666
Dan Haren,429717
Bryce Harper,547180
Ryne Harper,607560
Lucas Harrell,449173
Brett Harris,695391
Dustin Harris,687957
Hogan Harris,663687
Josh Harrison,543281
Kyle Harrison,690986
Matt Harrison,457448
Michael Harris II,671739
Monte Harrison,656509
Thomas Harrington,802419
Will Harris,501789
Corey Hart,430611
Kyle Hart,606996
Geoff Hartlieb,664129
Hunter Harvey,640451
Matt Harvey,518774
Adam Haseley,656514
Alexander Hassan,572910
Robert Hassell,690987
Chris Hatcher,501822
Tom Hatch,641672
Reese Havens,458704
LaTroy Hawkins,115629
Brad Hawpe,425547
Ke'Bryan Hayes,663647
Austin Hays,669720
Jeremy Hazelbaker,571757
Chase Headley,452104
Ryon Healy,592387
Andrew Heaney,571760
Taylor Hearn,621368
Jonathan Heasley,669169
Adeiny Hechavarria,588751
Austin Hedges,595978
Jeremy Hefner,458550
Jonah Heim,641680
Scott Heineman,595981
Tyler Heineman,623168
Chris Heisey,502317
Ben Heller,621294
Jeremy Hellickson,476451
Michael Helman,680737
Ryan Helsley,664854
Todd Helton,115732
Heath Hembree,592390
Tink Hence,693311
Gunnar Henderson,683002
Jim Henderson,449104
Logan Henderson,701656
Kyle Hendricks,543294
Liam Hendriks,521230
Ronny Henriquez,678692
Tommy Henry,674072
Clay Hensley,454535
David Hensley,682073
Sam Hentges,656529
Guillermo Heredia,628338
Jimmy Herget,623474
Michael Hermosillo,641684
Carlos Hernandez,672578
Cesar Hernandez,514917
David Hernandez,456696
Darwinzon Hernandez,650382
Darell Hernaiz,687231
Elieser Hernandez,622694
Enrique Hernandez,571771
Felix Hernandez,433587
Gorkys Hernandez,491676
Heriberto Hernandez,681715
Jonathan Hernandez,642546
Jose Hernandez,669796
Livan Hernandez,115817
Luis Hernandez,434682
Marco Hernandez,593523
Ramon Hernandez,150421
Teoscar Hernandez,606192
Yadiel Hernandez,628450
Yonny Hernandez,660634
Dilson Herrera,599096
Elian Herrera,467070
Ivan Herrera,671056
Jonathan Herrera,468406
Jose Herrera,645444
Kelvin Herrera,516969
Odubel Herrera,546318
Rosell Herrera,594011
Tim Herrin,682120
Chris Herrmann,543302
DJ Herz,687792
David Hess,605276
John Hester,452105
Chris Heston,518790
Codi Heuer,676051
Jason Heyward,518792
Aaron Hicks,543305
Brandon Hicks,518794
John Hicks,543308
Jordan Hicks,663855
Liam Hicks,689414
Kyle Higashioka,543309
P.J. Higgins,664731
Trevor Hildenberger,657610
Aaron Hill,431094
Derek Hill,656537
Garrett Hill,682051
Sam Hilliard,656541
Jaden Hill,677955
Rich Hill,448179
Shawn Hill,429718
Steven Hill,518799
Tim Hill,657612
Rece Hinds,677956
Dalier Hinojosa,648737
Eric Hinske,400134
Yoshihisa Hirano,673633
Keston Hiura,669374
Sean Hjelle,663546
Luke Hochevar,460024
Porter Hodge,687863
Bryan Hoeing,663773
Nico Hoerner,663538
L.J. Hoes,543321
Jeff Hoffman,656546
Trevor Hoffman,116034
Gunnar Hoglund,680684
Bryan Holaday,592407
Colin Holderman,670059
Jonathan Holder,656547
Kyle Holder,664060
Derek Holland,502706
Greg Holland,518813
Jackson Holliday,702616
Matt Holliday,407812
Jordan Holloway,656548
Clay Holmes,605280
Grant Holmes,656550
Brock Holt,571788
Tyler Holton,663947
Brent Honeywell,641703
J.J. Hoover,543331
Zyhir Hope,814307
Jeremy Horst,456662
Cade Horton,690990
Spencer Horwitz,687462
Rhys Hoskins,656555
Eric Hosmer,543333
Tanner Houck,656557
Adrian Houser,605288
Brady House,691781
T.J. House,543334
Ryan Howard,429667
Ryan Howard,664031
Spencer Howard,675921
J.P. Howell,434442
Jared Hoying,592419
James Hoyt,624586
Bryan Hudson,663542
Daniel Hudson,543339
Dakota Hudson,641712
Orlando Hudson,407861
Tim Hudson,218596
Aubrey Huff,333492
David Huff,453307
Sam Huff,669087
Brandon Hughes,676714
Jared Hughes,453172
Luke Hughes,471863
Phil Hughes,461833
Danny Hultzen,543343
Philip Humber,458950
Cooper Hummel,669450
Nick Hundley,460026
Torii Hunter,116338
Tommy Hunter,488984
K.C. Hunt,687268
Brant Hurter,676428
Kyle Hurt,669165
Jacob Hurtubise,674441
Drew Hutchison,571800
Jae-gyun Hwang,666561
Chris Iannetta,455104
Andy Ibanez,628451
Raul Ibanez,116380
Ryota Igarashi,579799
Jose Iglesias,578428
Raisel Iglesias,628452
Shota Imanaga,684007
Ender Inciarte,542255
Jonathan India,663697
Gregory Infante,500872
Omar Infante,408299
Brandon Inge,276346
Jairo Iriarte,683568
Cole Irvin,608344
Jake Irvin,663623
Xavier Isaac,800060
Kyle Isbel,664728
Travis Ishikawa,448170
Jason Isringhausen,116414
Hisashi Iwakuma,547874
Akinori Iwamura,493127
Maicer Izturis,430895
Alex Jackson,656577
Andre Jackson,656578
Austin Jackson,457706
Brett Jackson,571804
Conor Jackson,433582
Edwin Jackson,429719
Jay Jackson,543351
Jeremiah Jackson,669236
Luke Jackson,592426
Ryan Jackson,474249
Zach Jackson,667427
Alek Jacob,689690
Mike Jacobs,408312
Drey Jameson,686753
Joshua James,657624
Paul Janish,457926
Travis Jankowski,608671
Danny Jansen,643376
Kenley Jansen,445276
Casey Janssen,445163
Justin Jarvis,680691
John Jaso,444379
Cristian Javier,664299
Griffin Jax,643377
Jon Jay,445055
Daulton Jefferies,641726
Ryan Jeffers,680777
Jeremy Jeffress,502026
Chad Jenkins,554432
Walker Jenkins,805805
Bobby Jenks,408057
Dan Jennings,543359
Desmond Jennings,457775
Carter Jensen,695600
Kevin Jepsen,448178
Derek Jeter,116539
A.J. Jimenez,543362
Dany Jimenez,666204
Eloy Jimenez,650391
Joe Jimenez,641729
Leo Jimenez,677870
Luis Jimenez,499864
Ubaldo Jimenez,434622
Jackson Jobe,695549
Connor Joe,656582
Brian Johnson,598271
Bryce Johnson,669369
Chris Johnson,453400
Dan Johnson,430681
Daniel Johnson,669288
Elliot Johnson,471107
Erik Johnson,605304
Jim Johnson,462382
Josh Johnson,435178
Kelly Johnson,430637
Micah Johnson,608672
Nick Johnson,276376
Pierce Johnson,572955
Reed Johnson,407862
Rob Johnson,453531
Steve Johnson,489002
Termarr Johnson,702261
Troy Johnston,687859
Adam Jones,430945
Andruw Jones,116662
Chipper Jones,116706
Garrett Jones,434540
James Jones,571825
JaCoby Jones,592444
Jahmai Jones,663330
Jared Jones,683003
Nate Jones,518858
Nolan Jones,666134
Ryder Jones,624507
Spencer Jones,682987
Taylor Jones,622100
Taylor Jordan,518863
Caleb Joseph,543376
Corban Joseph,543377
Tommy Joseph,571830
Ben Joyce,690829
Matt Joyce,459964
Aaron Judge,592450
Edouard Julien,666397
Corey Julks,667452
Jace Jung,690291
Josh Jung,673962
Taylor Jungmann,543380
Jakob Junis,596001
Janson Junk,676083
Ariel Jurado,642558
Jair Jurrjens,457453
Kila Ka'aihue,451500
Tommy Kahnle,592454
Ryan Kalish,501888
Jung-Ho Kang,628356
James Kaprielian,621076
James Karinchak,675916
Nate Karns,501992
Kyle Karros,691720
Jeff Karstens,444371
Niko Kavadas,694359
Munenori Kawasaki,493128
Anthony Kay,641743
CJ Kayfus,692216
Scott Kazmir,431148
Austin Kearns,400290
Luke Keaschall,807712
Colt Keith,690993
Keone Kela,605309
Jarred Kelenic,672284
Brad Keller,641745
Mitch Keller,656605
Shawn Kelley,518875
Casey Kelly,543391
Carson Kelly,608348
Don Kelly,430603
Joe Kelly,523260
Kevin Kelly,687330
Merrill Kelly,518876
Michael Kelly,547184
Ty Kelly,571841
Zack Kelly,677161
Matt Kemp,461314
Otto Kemp,805249
Tony Kemp,643393
Jason Kendall,116974
Howie Kendrick,435062
Kyle Kendrick,452718
Adam Kennedy,150456
Brett Kennedy,664028
Buddy Kennedy,671083
Ian Kennedy,453178
Max Kepler,596146
Jeff Keppinger,433898
Orion Kerkering,689147
Ray Kerr,678061
Clayton Kershaw,477132
Dallas Keuchel,572971
Carter Kieboom,666198
Spencer Kieboom,571851
Kevin Kiermaier,595281
Yusei Kikuchi,579328
Caleb Kilian,668873
Franklyn Kilome,642584
Craig Kimbrel,518886
Ha-Seong Kim,673490
Hyun-soo Kim,547957
Hyeseong Kim,808975
Kwang hyun Kim,547942
Isiah Kiner-Falefa,643396
Bryan King,687911
Scott Kingery,664068
Nick Kingham,592468
Michael King,650633
Tyler Kinley,641755
Josh Kinney,448337
Ian Kinsler,435079
Brandon Kintzler,445213
Jason Kipnis,543401
George Kirby,669923
Alex Kirilloff,666135
Alejandro Kirk,672386
Michael Kirkman,457779
Andrew Kittredge,552640
Patrick Kivlehan,623182
Heston Kjerstad,677008
George Klassen,691946
Branden Kline,571858
Adam Kloffenstein,680572
Corey Kluber,446372
Landon Knack,689017
Andrew Knapp,595284
Corey Knebel,608349
Andrew Knizner,668800
Jack Kochanowicz,686799
Matt Koch,571863
Tom Koehler,543408
Jared Koenig,657649
Adam Kolarek,592473
Stephen Kolek,663568
Paul Konerko,117244
George Kontos,502004
Michael Kopech,656629
Bobby Korecky,445090
Christian Koss,683766
Casey Kotchman,425773
Mark Kotsay,117276
George Kottaras,435459
Rhett Kouba,688763
Kevin Kouzmanoff,450260
Jackson Kowar,663804
Pete Kozma,518902
Kevin Kramer,596012
Erik Kratz,456124
Ryan Kreidler,668952
Dean Kremer,665152
Ian Krol,571871
Jason Kubel,430585
Kyle Kubitza,605323
Chad Kuhl,641771
Joel Kuhnel,669270
Hong-Chih Kuo,425539
Hiroki Kuroda,493133
Nick Kurtz,701762
Steven Kwan,680757
John Lackey,407793
Asa Lacy,669370
Tyler Ladendorf,502285
Aaron Laffey,444836
Juan Lagares,501571
Bryan LaHair,445933
Brandon Laird,477186
Gerald Laird,408042
Junior Lake,516809
Travis Lakins,664042
Blake Lalli,503351
Ryan LaMarre,534606
Peter Lambert,663567
Jacob Lamb,571875
John Lamb,543424
Andrew Lambo,518911
Dinelson Lamet,659275
Alex Lange,656638
Ryan Langerhans,407798
Shea Langeliers,669127
Wyatt Langford,694671
John Lannan,458709
Matt LaPorta,453181
Trevor Larnach,663616
Adam LaRoche,425560
Tommy La Stella,600303
Mat Latos,502009
Jacob Latz,656641
Eric Lauer,641778
Ramon Laureano,657656
Ryan Lavarnway,543432
Derek Law,571882
Jordan Lawlar,691783
Casey Lawrence,596271
Justin Lawrence,664875
Brett Lawrie,543434
Brandon League,434181
Kyle Leahy,681517
Mike Leake,502190
Jordan Leasure,673929
Charles Leblanc,641779
Wade LeBlanc,453281
Jose Leclerc,600917
Sam LeCure,459967
Brooks Lee,686797
Carlos Lee,150324
Cliff Lee,424324
Dae-Ho Lee,493193
Derrek Lee,117601
Dylan Lee,669276
Hao-Yu Lee,701678
Jung Hoo Lee,808982
Khalil Lee,666137
Korey Lee,686676
Jack Leiter,683004
Mark Leiter Jr.,643410
DJ LeMahieu,518934
Dominic Leone,608678
Pedro Leon,694175
Sandy Leon,506702
Chris Leroux,460092
Jon Lester,452657
Colby Lewis,407890
Cory Lewis,675375
Fred Lewis,430930
Kyle Lewis,641786
Royce Lewis,668904
Domingo Leyba,642736
Matthew Liberatore,669461
Alex Liddi,499926
Brad Lidge,400058
Daylen Lile,695734
Brent Lillibridge,452121
Ted Lilly,150404
Tim Lincecum,453311
Brad Lincoln,453184
Adam Lind,452252
Josh Lindblom,458676
Francisco Lindor,596019
Matt Lindstrom,434637
Tzu-Wei Lin,624407
Trey Lipscomb,702358
Thayron Liranzo,699073
Francisco Liriano,434538
Rymer Liriano,542642
Zack Littell,641793
Brendon Little,663893
Ben Lively,594902
Jonathan Loaisiga,642528
Jose Lobaton,446653
Kyle Lobstein,543456
Tim Locastro,641796
Jeff Locke,502046
Tyler Locklear,682988
Nick Lodolo,666157
Kameron Loe,434180
Nick Loftin,679845
Boone Logan,457429
Zach Logue,656657
Kyle Lohse,346798
George Lombard Jr.,806146
Steve Lombardozzi,543459
James Loney,425766
Evan Longoria,446334
Sammy Long,669674
Shed Long,643418
Joey Loperfido,694388
Tim Lopes,621005
Alejo Lopez,664670
Felipe Lopez,150479
Javier Lopez,425657
Jacob Lopez,682052
Jose Lopez,430946
Jorge Lopez,605347
Jose Lopez,673111
Nicky Lopez,670032
Otto Lopez,672640
Pablo Lopez,641154
Rafael Lopez,607257
Reynaldo Lopez,625643
Wilton Lopez,446641
Yoan Lopez,661255
Brad Lord,695418
Michael Lorenzen,547179
David Lough,518953
Aaron Loup,571901
Richard Lovelady,663992
Rhett Lowder,695076
Brandon Lowe,664040
Derek Lowe,117955
Josh Lowe,666139
Mark Lowe,450275
Nate Lowe,663993
Jed Lowrie,476704
Zac Lowther,675912
Easton Lucas,687922
Joey Lucchesi,664192
Elvis Luciano,672773
Marco Luciano,682617
Jonathan Lucroy,518960
Ryan Ludwick,407886
Cory Luebke,458537
Lucas Luetge,476595
Dawel Lugo,608475
Matthew Lugo,683090
Seth Lugo,607625
Nathan Lukes,664770
Jordan Luplow,656669
Donald Lutz,544371
Zach Lutz,518963
Gavin Lux,666158
Jesus Luzardo,666200
Jordan Lyles,543475
Daniel Lynch,663738
Lance Lynn,458681
Brandon Lyon,407193
Tyler Lyons,544928
Andres Machado,600921
Dixon Machado,553988
Manny Machado,592518
Jean Machi,466948
Vimael Machin,605353
Ty Madden,680744
Bligh Madris,676632
Nick Madrigal,663611
Ryan Madson,425492
Kenta Maeda,628317
Matt Magill,543483
Tyler Mahle,641816
Paul Maholm,430904
Mikie Mahtook,543484
Mitch Maier,430574
Luke Maile,571912
John Maine,429720
Scott Maine,453186
Kevin Maitan,670867
Martin Maldonado,455117
Justyn-Henry Malloy,669234
Sean Manaea,640455
Trey Mancini,641820
Seth Maness,595307
Jake Mangum,663968
Matt Manning,666159
Alek Manoah,666201
Joe Mantiply,573009
Kyle Manzardo,700932
Tucupita Marcano,672779
Shaun Marcum,451788
Nick Margevicius,676606
Manuel Margot,622534
Ron Marinaccio,676760
Jake Marisnick,545350
Nick Markakis,455976
Cade Marlowe,687799
Carlos Marmol,461791
Jose Marmolejos,592530
Nick Maronde,543488
Brailyn Marquez,666622
German Marquez,608566
Jason Marquis,150302
Chris Marrero,502029
Deven Marrero,571918
Jakob Marsee,805300
Alec Marsh,679525
Brandon Marsh,669016
Evan Marshall,605359
Sean Marshall,445156
Lou Marson,453974
Francis Martes,642564
Jefry Marte,527043
Ketel Marte,606466
Luis Marte,501687
Noelvi Marte,682622
Starling Marte,516782
Victor Marte,469690
Adrian Martinez,661309
Angel Martinez,682657
Austin Martin,668885
Brett Martin,656685
Carlos Martinez,593372
Chris Martin,455119
Cody Martin,592533
Corbin Martin,656686
Cristhian Martinez,450852
Davis Martin,663436
Fernando Martinez,494686
Jason Martin,641829
J.D. Martinez,502110
Jose Martinez,500874
J.P. Martinez,679881
Justin Martinez,679885
Leonys Martin,547982
Luis Martinez,446208
Michael Martinez,492841
Nick Martinez,607259
Nick Martini,605361
Orelvis Martinez,682619
Richie Martin,621006
Russell Martin,431145
Victor Martinez,400121
Michael Massey,686681
Nick Masset,434665
Justin Masterson,475416
Darin Mastroianni,518991
Miles Mastrobuoni,670156
Bryan Mata,667356
Jorge Mateo,622761
Joe Mather,458628
Quinn Mathews,687273
Jeff Mathis,425772
Mark Mathias,664029
Wyatt Mathisen,621500
J.J. Matijevic,656695
Nick Maton,665155
Phil Maton,664208
Luis Matos,682641
Daisuke Matsuzaka,493137
Hideki Matsui,425686
Kazuo Matsui,430565
Yuki Matsui,673513
Brice Matthews,694728
Ryan Mattheus,458919
Zebby Matthews,805673
Isaac Mattson,676755
Brian Matusz,451085
Tyler Matzek,554431
Steven Matz,571927
Joe Mauer,408045
Brandon Maurer,543506
Ronny Mauricio,677595
Bruce Maxwell,622194
Justin Maxwell,452239
Zach Maxwell,687209
John Mayberry,460055
Cameron Maybin,457727
Dustin May,669160
Marcelo Mayer,691785
Mike Mayers,594577
Jack Mayfield,608686
Jacob May,594576
Coby Mayo,691723
Edwin Maysonet,446474
Trevor May,543507
Tim Mayza,641835
Nomar Mazara,608577
Adam Mazur,800049
Zach McAllister,502083
James McArthur,663704
Matt McBride,473724
Ryan McBroom,643436
Brian McCann,435263
James McCann,543510
Kyle McCann,668832
Brandon McCarthy,435221
Jake McCarthy,664983
Kevin McCarthy,641838
Shane McClanahan,663556
Kyle McClellan,449072
Mike McClendon,501873
Chas McCormick,676801
Mike McCoy,453454
Grant McCray,687529
Lance McCullers,621121
Carson McCusker,676812
Andrew McCutchen,457705
Chayce McDermott,694646
Darnell McDonald,150021
James McDonald,457428
John McDonald,150348
T.J. McFarland,519008
Griff McGarry,676046
Easton McGee,668834
Jake McGee,459429
Casey McGehee,431171
Scott McGough,543518
Dustin McGowan,430661
Michael McGreevy,700241
Chris Mcguiness,573027
Reese McGuire,624512
Collin McHugh,543521
Paul McIntosh,682192
Brendan McKay,656713
Michael McKenry,502374
Ryan McKenna,663630
Triston McKenzie,663474
Billy McKinney,641856
Zach McKinstry,656716
Matt McLain,680574
Nolan McLean,690997
Nate McLouth,434661
Ryan McMahon,641857
John McMillon,669111
Jeff McNeil,643446
Kyle McPherson,519015
Curtis Mead,678554
Austin Meadows,640457
Parker Meadows,678009
John Means,607644
Nick Mears,683232
Gil Meche,219194
Wade Meckler,685133
Tommy Medica,523265
Adonis Medina,658431
Luis Medina,665622
Yoervis Medina,500721
Kris Medlen,450665
Evan Meek,457425
Trevor Megill,656730
Tylor Megill,656731
Chase Meidroth,805367
Adalberto Mejia,606167
Ernesto Mejia,448171
Francisco Mejia,642336
Jenrry Mejia,516769
J.C. Mejia,650496
Juan Mejia,675848
Seth Mejias-Brean,623180
Mark Melancon,453343
MJ Melendez,669004
Jacob Melton,689200
Troy Melton,675512
Tim Melville,543532
Cristian Mena,691441
Yohander Mendez,622795
Danny Mendick,664901
Luis Mendoza,434669
Joey Meneses,608841
Conner Menez,669214
Daniel Mengden,596043
Michael Mercado,675650
Oscar Mercado,640458
Jordy Mercer,474568
Yermin Mercedes,606213
Jesus Merchan,462810
Jackson Merrill,701538
Ryan Merritt,607320
Whit Merrifield,593160
Julian Merryweather,657240
Matt Mervis,670223
Melky Mesa,444859
Victor Victor Mesa,673516
Devin Mesoraco,519023
Parker Messick,800048
Alex Meyer,543542
Jake Meyers,676694
Max Meyer,676974
Keynan Middleton,641871
Will Middlebrooks,519025
Jose Mijares,467726
Miles Mikolas,571945
Aaron Miles,425446
Wade Miley,489119
Drew Millas,686452
Andrew Miller,453192
Bobby Miller,676272
Brad Miller,543543
Bryce Miller,682243
Erik Miller,669062
Jared Miller,656744
Jim Miller,461848
Justin Miller,502522
Lastings Milledge,451186
Mason Miller,695243
Owen Miller,680911
Shelby Miller,571946
Alec Mills,621219
Brad Mills,502166
Kevin Millwood,119154
Hoby Milner,571948
Tommy Milone,543548
Juan Minaya,573668
Mike Minor,501985
A.J. Minter,621345
Ariel Miranda,664641
Jose Miranda,669304
Jacob Misiorowski,694819
Kameron Misner,670224
Bryan Mitchell,571951
Cal Mitchell,668751
D.J. Mitchell,543551
Garrett Mitchell,669003
Casey Mize,663554
Carmen Mlodzinski,669387
Jose Molina,150040
Yadier Molina,425877
Sam Moll,594580
Andruw Monasterio,655316
Yoan Moncada,660162
Adalberto Mondesi,609275
Mickey Moniak,666160
Frankie Montas,593423
Coco Montes,663796
Elehuris Montero,660707
Jesus Montero,524968
Keider Montero,672456
Miguel Montero,471083
Rafael Montero,606160
Colson Montgomery,695657
Jordan Montgomery,656756
Mason Montgomery,682254
Michael Montgomery,543557
Adam Moore,446192
Andrew Moore,621058
Christian Moore,695681
Dylan Moore,664238
Matt Moore,519043
Scott Moore,445599
Tyler Moore,489138
Franklin Morales,462985
Kendrys Morales,434778
Luis Morales,806960
Melvin Mora,206551
Colin Moran,592567
Jovani Moran,663558
Adrian Morejon,670970
Brent Morel,543569
Christopher Morel,666624
Mitch Moreland,519048
Gabriel Moreno,672515
Dauri Moreta,664294
Adam Morgan,605388
Eli Morgan,669212
Nyjer Morgan,460579
Tre' Morgan,691003
Shawn Morimando,596049
Mike Morin,573046
Justin Morneau,408047
Max Moroff,621559
Reyes Moronta,606625
Andrew Morris,702193
Bryan Morris,457768
Cody Morris,663752
Logan Morrison,489149
Brandon Morrow,453344
Michael Morse,434604
Charlie Morton,450203
Guillermo Moscoso,446861
Dustin Moseley,400291
Brandon Moss,461235
Guillermo Mota,150407
Jason Motte,435400
Taylor Motter,600301
Ryan Mountcastle,663624
Mike Moustakas,519058
Gabriel Moya,622382
Steven Moya,570615
Peter Moylan,493247
Edward Mujica,465629
Kyle Muller,666205
Cedric Mullins,656775
Max Muncy,571970
Max Muncy,691777
Andres Munoz,662253
Roddery Munoz,682610
Yairo Munoz,622168
Penn Murfee,682171
Chris Murphy,669684
David Murphy,461815
Daniel Murphy,502517
John Ryan Murphy,571974
Sean Murphy,669221
Tom Murphy,608596
Jayden Murray,681151
Joe Musgrove,605397
Ronnier Mustelier,608589
Brett Myers,408206
Dane Myers,667472
Tobias Myers,668964
Wil Myers,571976
Xavier Nady,294558
Hiroyuki Nakajima,493141
Tommy Nance,667297
Mike Napoli,435063
Tyler Naquin,571980
Andrew Nardi,677053
Carlos Narvaez,665966
Omar Narvaez,553882
Chris Narveson,429780
Nick Nastrini,680897
Joe Nathan,150274
Daniel Nava,537953
Dioner Navarro,425900
Efren Navarro,519068
Bo Naylor,666310
Josh Naylor,647304
Thomas Neal,489166
Kristopher Negron,502117
Nick Neidert,663734
Chris Nelson,455126
Jimmy Nelson,519076
Kyle Nelson,669459
Nick Nelson,656793
Ryne Nelson,669194
Hector Neris,593576
Pat Neshek,450212
Zach Neto,687263
Sheldon Neuse,641914
Dovydas Neverauskas,596720
Tyler Nevin,663527
Jake Newberry,623470
Sean Newcomb,656794
Kevin Newman,621028
Gift Ngoepe,547912
Juan Nicasio,504379
Mike Nickeas,435081
Justin Nicolino,592593
Tomas Nido,621512
Jeff Niemann,435298
Jon Niese,477003
Kirk Nieuwenhuis,543590
Wil Nieves,408242
Brandon Nimmo,607043
Tsuyoshi Nishioka,457292
Jayson Nix,434624
Jacob Nix,656798
Laynce Nix,425556
Ryan Noda,676116
Jhonkensy Noel,678877
Hector Noesi,456051
John Nogowski,596056
Aaron Nola,605400
Austin Nola,543592
Ricky Nolasco,445060
Sean Nolin,543594
Jake Noll,669738
Lars Nootbaar,663457
Jordan Norberto,467099
Connor Norby,681393
Bud Norris,502032
Daniel Norris,596057
Derek Norris,519083
Jacob Nottingham,641924
Ivan Nova,467100
Dom Nunez,624513
Eduardo Nunez,456488
Malcom Nunez,682650
Nasim Nunez,683083
Renato Nunez,600524
Vidal Nuno,573064
Bailey Ober,641927
Scott Oberg,623184
Brett Oberholtzer,519085
Peter O'Brien,598284
Darren O'Day,503285
Jake Odorizzi,543606
Rougned Odor,596059
Eric O'Flaherty,447714
Alexi Ogando,468396
Shinnosuke Ogasawara,829272
Brian O'Grady,657434
Chris O'Grady,622217
Ryan O'Hearn,656811
Logan O'Hoppe,681351
Seung-hwan Oh,493200
Shohei Ohtani,660271
Shohei Ohtani,660271
Steven Okert,595345
Edward Olivares,658668
Jared Oliva,666931
Darren Oliver,119984
Hector Olivera,493343
Lester Oliveros,500902
Miguel Olivo,400018
Adam Oller,670124
Jack O'Loughlin,672552
Matt Olson,621566
Reese Olson,681857
Tyler Olson,621397
Mike Olt,592609
Shawn O'Malley,502523
Logan Ondrusek,446185
Tyler O'Neill,641933
Magglio Ordonez,120044
Paulo Orlando,449181
Tirso Ornelas,672359
Pete Orr,434681
Rafael Ortega,542364
David Ortiz,120074
Joey Ortiz,687401
Luis Ortiz,656814
Luis Ortiz,682847
Kaleb Ort,672391
Josh Osich,592612
Alejandro Osuna,696030
Alejandro Osuna,696030
Jose Osuna,591741
Roberto Osuna,532077
Corey Oswalt,621261
Roy Oswalt,400061
Michel Otanez,671305
Dan Otero,519096
Adam Ottavino,493603
Glenn Otto,657248
James Outman,681546
Josh Outman,489189
Lyle Overbay,407489
Connor Overton,656818
Dillon Overton,592614
Johan Oviedo,670912
Juan Oviedo,434663
Henry Owens,596064
Chris Owings,572008
Micah Owings,452249
Marcell Ozuna,542303
Cristian Pache,665506
Jordan Pacheco,457574
Chris Paddack,663978
Vicente Padilla,218894
Angel Pagan,434636
Emilio Pagan,641941
Andy Pages,681624
Pedro Pages,686780
Andrew Painter,691725
Jermaine Palacios,650339
Josh Palacios,641943
Richard Palacios,680700
Daniel Palencia,694037
Daniel Palka,594953
Andre Pallante,669467
Damiano Palmegiani,671913
Joe Palumbo,643478
Joe Panik,605412
Thomas Pannone,623381
Jonathan Papelbon,449097
Enoli Paredes,660600
Isaac Paredes,670623
Jimmy Paredes,517370
Kyren Paris,677347
Byung-ho Park,666560
Blake Parker,453284
Jarrod Parker,519105
Jarrett Parker,592620
Kyle Parker,592621
Mitchell Parker,680730
Hoy Park,660829
Chris Parmelee,476633
Bobby Parnell,458730
Gerardo Parra,467827
Manny Parra,448159
Wes Parsons,641149
Vinnie Pasquantino,686469
Tyler Pastornicky,543629
Luis Patino,672715
Chad Patrick,694477
Corey Patterson,279913
Spencer Patton,607359
Troy Patton,461856
David Pauley,456102
Graham Pauley,688363
David Paulino,600944
Dorssys Paulino,609267
Felipe Paulino,462956
Ronny Paulino,425661
Ben Paulsen,572019
Xavier Paul,449082
Carl Pavano,134321
James Paxton,572020
Joel Payamps,606303
Mark Payton,592622
James Pazos,572021
Brad Peacock,502748
Steve Pearce,456665
Nate Pearson,663878
Jake Peavy,408241
Joc Pederson,592626
Dustin Pedroia,456030
Carlos Peguero,451713
Francisco Peguero,501317
Liover Peguero,678894
Mike Pelfrey,460059
Brayan Pena,430910
Carlos Pena,150289
Felix Pena,570240
Francisco Pena,506747
Jeremy Pena,665161
Ramiro Pena,455369
Hunter Pence,452254
Cliff Pennington,460060
Brad Penny,207267
Ryan Pepiot,686752
David Peralta,444482
Freddy Peralta,642547
Jhonny Peralta,425509
Joel Peralta,407908
Wandy Peralta,593974
Wily Peralta,503449
Jose Peraza,606299
Oswald Peraza,672724
Geraldo Perdomo,672695
Luis Perdomo,466412
Luis Perdomo,606131
Everson Pereira,677592
Carlos Perez,542208
Chris Perez,453198
Cionel Perez,672335
Delvin Perez,666206
Eury Perez,516811
Eury Perez,691587
Franklin Perez,658530
Hernan Perez,541650
Juan Perez,448722
Luis Perez,469802
Martin Perez,527048
Michael Perez,605421
Oliver Perez,424144
Roberto Perez,547379
Salvador Perez,521692
Wenceel Perez,672761
Williams Perez,554234
Blake Perkins,663368
Cam Perkins,573088
Glen Perkins,450282
Jack Perkins,678022
Vinnie Pestano,502260
Bryan Petersen,519128
David Peterson,656849
Dillon Peters,596071
DJ Peters,656847
D.J. Peterson,592637
Dustin Peterson,640460
Jace Peterson,607054
Shane Peterson,451089
Gregorio Petit,463610
Yusmeiro Petit,433589
Jake Petricka,502593
Andy Pettitte,120485
Jonathan Pettibone,543643
Chase Petty,695534
Brandon Pfaadt,694297
Tommy Pham,502054
Josh Phegley,572033
Cord Phelps,543647
David Phelps,475479
Brandon Phillips,408252
Brett Phillips,621433
Connor Phillips,683175
Evan Phillips,623465
Tyler Phillips,663969
Denis Phipps,464426
Felix Pie,429712
Juan Pierre,334393
A.J. Pierzynski,150229
Konnor Pilkington,663455
Kevin Pillar,607680
Brett Pill,489209
Manny Pina,444489
Chad Pinder,640461
Michael Pineda,501381
Joel Pineiro,334492
Josmil Pinto,500887
Rene Pinto,650907
Riley Pint,666207
Jose Pirela,517369
Stephen Piscotty,572039
Nick Pivetta,601713
Kevin Plawecki,608700
Zach Plesac,668676
Trevor Plouffe,461858
Adam Plutko,592644
Colin Poche,621363
Scott Podsednik,325392
Gregory Polanco,570256
Jorge Polanco,593871
Placido Polanco,135784
Andrew Politi,681555
A.J. Pollock,572041
Drew Pomeranz,519141
Stuart Pomeranz,456421
Dalton Pompey,592647
Daniel Ponce de Leon,594965
Rick Porcello,519144
Logan Porter,682515
Jorge Posada,120691
Buster Posey,457763
Cody Poteet,547001
Brooks Pounders,572044
Cade Povich,700249
Boog Powell,621471
Yohel Pozo,650968
Martin Prado,445988
Nick Pratto,668472
Alex Presley,502100
Ryan Pressly,519151
David Price,456034
Jason Pridie,445095
Quinn Priester,682990
Josh Prince,572389
Jurickson Profar,595777
Austin Pruitt,643493
Stephen Pryor,543668
Cesar Puello,527049
Yasiel Puig,624577
Albert Pujols,405395
A.J. Puk,640462
Nick Punto,346857
Zach Putnam,474029
J.J. Putz,407816
Kevin Quackenbush,534812
Chad Qualls,430589
Cal Quantrill,615698
Carlos Quentin,435041
Edgar Quero,700337
Jeferson Quero,691620
Jose Quijada,650671
Roman Quinn,596451
Humberto Quintero,279827
Jose Quintana,500779
Omar Quintanilla,435560
Ryan Raburn,430605
Ceddanne Rafaela,678882
Cole Ragans,666142
Tanner Rainey,663432
Cal Raleigh,663728
Brooks Raley,548384
Luke Raley,670042
Agustin Ramirez,682663
Alexei Ramirez,493351
Aramis Ramirez,133380
Elvin Ramirez,468517
Erasmo Ramirez,541640
Hanley Ramirez,434670
Harold Ramirez,623912
J.C. Ramirez,500724
Jose Ramirez,608070
Jose Ramirez,542432
Manny Ramirez,120903
Neil Ramirez,519166
Nick Ramirez,598286
Noe Ramirez,598287
Ramon Ramirez,430673
Yefry Ramirez,606162
Yohan Ramirez,670990
A.J. Ramos,573109
Bryan Ramos,682868
Cesar Ramos,459987
Edubray Ramos,591693
Heliot Ramos,671218
Wilson Ramos,467092
Clay Rapada,449060
Colby Rasmus,458675
Cory Rasmus,474284
Drew Rasmussen,656876
Jon Rauch,400010
John Rave,670231
Rangel Ravelo,592660
Adam Ravenelle,605435
Josh Ravin,502051
Corey Ray,641999
Robbie Ray,592662
Colin Rea,607067
J.T. Realmuto,592663
Anthony Recker,489232
Josh Reddick,502210
Todd Redmond,445170
Addison Reed,592665
A.J. Reed,607223
Cody Reed,642003
Michael Reed,605439
Robert Refsnyder,608701
Sean Reid-Foley,656887
Evan Reifert,682126
Nolan Reimold,460099
Zach Remillard,621545
Anthony Rendon,543685
Hunter Renfroe,592669
Luis Rengifo,650859
Chris Resop,434592
Ben Revere,519184
Alex Reyes,621052
Franmil Reyes,614177
Jose Reyes,408314
Jomar Reyes,655997
Pablo Reyes,622569
Victor Reyes,622682
Bryan Reynolds,668804
Mark Reynolds,448602
Matt Reynolds,519186
Matt Reynolds,608703
Arthur Rhodes,121125
Will Rhymes,489242
Ben Rice,700250
Clayton Richard,453385
Garrett Richards,572070
Lyon Richardson,680689
Trevor Richards,670950
Scott Richmond,446341
Joey Rickard,572073
J.T. Riddle,595375
Andre Rienzo,516589
Austin Riley,663586
Gabriel Rincones,687282
Alex Rios,425567
Edwin Rios,621458
Ryan Ritter,690022
Alfonso Rivas,663845
Leo Rivas,660844
Webster Rivas,593590
Emmanuel Rivera,656896
Felipe Vazquez,553878
Juan Rivera,407487
Mariano Rivera,121250
Rene Rivera,425784
T.J. Rivera,608061
Yadiel Rivera,592680
Anthony Rizzo,519203
Tanner Roark,543699
Sem Robberse,691828
Brian Roberts,406878
David Robertson,502085
Daniel Robertson,543706
Daniel Robertson,621002
Luis Robert,673357
Ryan Roberts,440251
Tyler Robertson,502356
Clint Robinson,519208
Drew Robinson,592685
Kristian Robinson,677565
Shane Robinson,453203
Trayvon Robinson,477054
Hansel Robles,570663
Victor Robles,645302
Tekoah Roby,694358
Brayan Rocchio,677587
Kumar Rocker,677958
Joe Rock,697812
Alan Roden,702176
Brendan Rodgers,663898
Richard Rodriguez,593144
Fernando Rodney,407845
Carlos Rodon,607074
Alex Rodriguez,121347
Aneury Rodriguez,444553
Bradgley Rodriguez,699134
Carlos F. Rodriguez,692230
Chris Rodriguez,669735
Dereck Rodriguez,605446
Eduardo Rodriguez,593958
Emmanuel Rodriguez,691181
Endy Rodriguez,682848
Fernando Rodriguez,451775
Francisco Rodriguez,408061
Grayson Rodriguez,680570
Henry Rodriguez,469159
Henry Rodriguez,514719
Ivan Rodriguez,121358
Jefry Rodriguez,622446
Johnathan Rodriguez,671286
Joely Rodriguez,570257
Jose Rodriguez,679563
Julio Rodriguez,677594
Manuel Rodriguez,655889
Randy Rodriguez,678495
Ronny Rodriguez,500135
Sean Rodriguez,446481
Paco Rodriguez,572089
Wandy Rodriguez,434643
Yariel Rodriguez,684320
Chaz Roe,475054
Esmil Rogers,469134
Jason Rogers,595386
Jake Rogers,668670
Josh Rogers,642028
Mark Rogers,449161
Taylor Rogers,573124
Trevor Rogers,669432
Tyler Rogers,643511
Josh Rojas,668942
Jose Rojas,670351
Johan Rojas,679032
Miguel Rojas,500743
Scott Rolen,121409
Jimmy Rollins,276519
Jordan Romano,605447
Sal Romano,607219
Drew Rom,680723
Enny Romero,544836
Fernando Romero,622864
JoJo Romero,668941
Ricky Romero,460069
Stefen Romero,552662
Tommy Romero,676720
Andrew Romine,461865
Austin Romine,519222
Drew Romo,691011
Sergio Romo,489265
Bruce Rondon,541652
Hector Rondon,444468
Jose Rondon,602922
Brent Rooker,667670
Ben Rortvedt,666163
Jorge de la Rosa,407822
Adam Rosales,489267
Alejandro Rosario,691730
Amed Rosario,642708
Eddie Rosario,592696
Eguy Rosario,666703
Wilin Rosario,501647
Daniel Rosenbaum,572095
Kenny Rosenberg,670046
Trevor Rosenthal,572096
Cody Ross,425496
David Ross,424325
Joe Ross,605452
Robbie Ross,543726
Tyson Ross,475115
Landen Roupp,694738
Aaron Rowand,400023
Ryan Rowland-Smith,434884
Ryan Rua,607387
Drew Rucinski,607968
Darin Ruf,573131
Justin Ruggiano,448605
Carlos Ruiz,434563
Esteury Ruiz,665923
Jose Ruiz,614179
Keibert Ruiz,660688
Rio Ruiz,547004
Dan Runzler,502130
Cameron Rupp,519237
Dalton Rushing,687221
Chris Rusin,543734
Addison Russell,608365
James Russell,460701
Blake Rutherford,666164
Jackson Rutledge,671131
Josh Rutledge,592710
Adley Rutschman,668939
Brendan Ryan,453895
Joe Ryan,657746
Kyle Ryan,594986
River Ryan,689981
Hyun-Jin Ryu,547943
Marc Rzepczynski,519240
CC Sabathia,282332
Blake Sabol,666165
Casey Sadler,594987
Thomas Saggese,695336
Takashi Saito,493416
Tyler Saladino,573135
Ethan Salas,806956
Fernando Salas,477569
Danny Salazar,517593
Eduardo Salazar,674285
Chris Sale,519242
Royber Salinas,683690
Jarrod Saltalamacchia,457454
Jeff Samardzija,502188
Bryan Sammons,676614
Adrian Sampson,592716
Keyvius Sampson,572102
Alex Sanabia,502253
Aaron Sanchez,592717
Adrian Sanchez,506703
Anibal Sanchez,434671
Yolmer Sanchez,570560
Cristopher Sanchez,650911
Eduardo Sanchez,500674
Freddy Sanchez,408108
Gaby Sanchez,459991
Gary Sanchez,596142
Hector Sanchez,516949
Jesus Sanchez,660821
Jonathan Sanchez,456043
Sixto Sanchez,664350
Tony Sanchez,506997
Nick Sandlin,680704
Pablo Sandoval,467055
Patrick Sandoval,663776
Cole Sands,663485
Jerry Sands,543742
Reiver Sanmartin,665665
Javier Sanoja,691594
Miguel Sano,593934
Anthony Santander,623993
Carlos Santana,467793
Danny Santana,542454
Dennis Santana,642701
Domingo Santana,570267
Edgar Santana,650828
Ervin Santana,429722
Johan Santana,276371
Hector Santiago,502327
Ramon Santiago,421124
Tony Santillan,663574
Gregory Santos,666619
Sergio Santos,435045
Dave Sappelt,543743
Luis Sardinas,596143
Roki Sasaki,808963
Josh Satin,543744
Joe Saunders,434578
Michael Saunders,459431
Warwick Saupold,599683
Hirokazu Sawamura,617228
Josh Sborz,622250
Jordan Schafer,457788
Logan Schafer,502582
Nolan Schanuel,694384
Scott Schebler,594988
Tanner Scheppers,489294
Max Scherzer,453286
Nate Schierholtz,435625
Ryan Schimpf,572114
Cam Schlittler,693645
Casey Schmitt,669477
Clarke Schmidt,657376
Davis Schneider,676914
Daniel Schneemann,682177
Jonathan Schoop,570731
John Schreiber,670167
Max Schrock,621011
Max Schuemann,680474
Noah Schultz,702273
Skip Schumaker,435401
Kyle Schwarber,656941
Spencer Schwellenbach,680885
Chris Schwinden,452737
Frank Schwindel,643524
Christian Scott,681035
Luke Scott,432928
Tanner Scott,656945
Victor Scott,687363
Evan Scribner,519267
Troy Scribner,644428
Andre Scrubb,668687
Marco Scutaro,340192
Connor Seabold,657756
Corey Seager,608369
Kyle Seager,572122
JP Sears,676664
Jean Segura,516416
Marcus Semien,543760
Kodai Senga,673540
Antonio Senzatela,622608
Nick Senzel,669222
Brian Serven,661531
Luis Severino,622663
Pedro Severino,600474
Paul Sewald,623149
Bob Seymour,676044
Ian Seymour,693855
Kevin Shackelford,594992
Justin Shafer,596101
Richie Shaffer,572128
Sterling Sharp,643532
Bryan Shaw,543766
Chris Shaw,622046
Matt Shaw,807713
Travis Shaw,543768
Emmet Sheehan,686218
Ben Sheets,282656
Gavin Sheets,657757
Justus Sheffield,656954
Austin Shenton,668853
Jimmie Sherfy,642073
George Sherrill,430941
Braden Shewmake,669699
James Shields,448306
Braden Shipley,640463
Matt Shoemaker,533167
Kelly Shoppach,431159
Zack Short,670097
Chasen Shreve,592741
J.B. Shuck,543776
Jared Shuster,694363
Michael Siani,672279
Kevin Siegrist,543779
Magneuris Sierra,642423
Moises Sierra,501213
Yaisel Sierra,666888
Chase Silseth,681217
Carlos Silva,400067
Andrelton Simmons,592743
Shae Simmons,623406
Alfredo Simon,430580
Chandler Simpson,802415
Luke Sims,608371
Brady Singer,663903
Jonathan Singleton,572138
Tony Sipp,448609
Jose Siri,642350
Chance Sisco,642082
Grady Sizemore,429713
Scott Sizemore,502003
Tyler Skaggs,572140
Paul Skenes,694973
Kyle Skipworth,543788
Eric Skoglund,607215
Matt Skole,605474
Tarik Skubal,669373
Austin Slater,596103
Justin Slaten,686580
Aaron Slegers,642083
Kevin Slowey,458713
Ethan Small,663629
Devin Smeltzer,656970
AJ Smith-Shawver,700363
Burch Smith,572143
Cam Smith,701358
Carson Smith,605476
Caleb Smith,592761
Canaan Smith-Njigba,675986
Cade Smith,671922
Dominic Smith,642086
Drew Smith,622098
Dwight Smith Jr.,596105
Dylan Smith,681916
Hagen Smith,696146
Joe Smith,501925
Josh A. Smith,595001
Josh Smith,669701
Kevan Smith,607345
Kevin Smith,675656
Mallex Smith,605480
Pavin Smith,656976
Riley Smith,642092
Seth Smith,452234
Shane Smith,681343
Will Smith,519293
Will Smith,669257
Justin Smoak,475253
Josh Smoker,519294
Jake Smolinski,519295
Drew Smyly,592767
Cy Sneed,605482
Blake Snell,605483
Ian Snell,430636
Robby Snelling,702281
Travis Snider,501983
Brandon Snyder,474319
Chris Snyder,430965
Tyler Soderstrom,691016
Eric Sogard,519299
Nick Solak,669256
Donovan Solano,456781
Yangervis Solarte,500208
Jorge Soler,624585
Ali Solis,455378
Sammy Solis,519301
Noah Song,679977
Alfonso Soriano,150093
Joakim Soria,465657
Jose Soriano,667755
Rafael Soriano,400089
Mike Soroka,647336
Edmundo Sosa,624641
Lenyn Sosa,672820
Geovany Soto,434567
Gregory Soto,642397
Juan Soto,665742
Livan Soto,670869
Bennett Sousa,656986
Steven Souza,519306
Denard Span,452655
Cory Spangenberg,605486
Glenn Sparkman,642098
Gabe Speier,642100
Mitch Spence,687765
Carson Spiers,686730
Ryan Spilborghs,448676
George Springer,543807
Jeffrey Springs,605488
Brandon Sproat,687075
Jacob Stallings,607732
Eric Stamets,608715
Craig Stammen,489334
Ryne Stanek,592773
Giancarlo Stanton,519317
Bubba Starling,605490
Brock Stassi,595426
Max Stassi,545358
Tim Stauffer,431162
Josh Staumont,622251
Drew Steckenrider,608716
Justin Steele,657006
Spencer Steer,668715
Michael Stefanic,683021
Jackson Stephens,623451
Robert Stephenson,596112
Trevor Stephan,663986
Tyler Stephenson,663886
Andrew Stevenson,664057
Cal Stevenson,670276
Brock Stewart,592779
Chris Stewart,455755
Christin Stewart,621514
DJ Stewart,621466
Ian Stewart,456655
Kohl Stewart,640464
Sal Stewart,701398
Josh Stinson,502139
Robert Stock,476594
Gavin Stone,694813
Drew Storen,519322
Mickey Storey,493547
Trevor Story,596115
Bryson Stott,681082
Kyle Stowers,669065
Matt Strahm,621381
Dan Straily,573185
Stephen Strasburg,544931
Chris Stratton,608717
Myles Straw,664702
Huston Street,434718
Hunter Strickland,519326
Spencer Strider,675911
Ross Stripling,548389
Marcus Stroman,573186
Pedro Strop,467008
Peter Strzelecki,657265
Michael Stutes,452741
Drew Stubbs,453211
Garrett Stubbs,596117
Eric Stults,445590
Albert Suarez,544150
Andrew Suarez,605498
Eugenio Suarez,553993
Jose Suarez,660761
Ranger Suarez,624133
Robert Suarez,663158
Jesus Sucre,491696
Wander Suero,593833
Tomoyuki Sugano,608372
Brett Sullivan,664954
Cole Sulser,642121
Andrew Susac,572180
Jarlin Susana,703186
Brent Suter,608718
Jack Suwinski,669261
Ichiro Suzuki,400085
Kurt Suzuki,435559
Seiya Suzuki,673548
Matt Svanson,694335
Travis Swaggerty,680552
Dansby Swanson,621020
Erik Swanson,657024
Matt Swarmer,664161
Anthony Swarzak,461872
Darnell Sweeney,572182
Ryan Sweeney,435220
Trey Sweeney,700242
Blake Swihart,596119
R.J. Swindle,449881
Nick Swisher,430897
Travis Sykora,805809
Noah Syndergaard,592789
Thomas Szapucki,663378
Matt Szczur,519333
Jose Tabata,467798
Jameson Taillon,592791
Hisanori Takahashi,538227
Kona Takahashi,678537
Mitch Talbot,452676
Masahiro Tanaka,547888
Raimel Tapia,606132
Freddy Tarnok,676206
Stephen Tarpley,605501
Dillon Tate,622253
Yoshinori Tateyama,599899
Fernando Tatis Jr.,665487
Mike Tauchman,643565
Leody Taveras,665750
Oscar Taveras,570805
Tim Tawa,694374
Andrew Taylor,476531
Beau Taylor,607333
Brayden Taylor,694966
Chris Taylor,621035
Grant Taylor,691799
Josh Taylor,657031
Michael Taylor,572191
Samad Taylor,669392
Tyrone Taylor,621438
Junichi Tazawa,547749
Taylor Teagarden,460003
Mark Teahen,433597
Kyle Teel,691019
Julio Teheran,527054
Mark Teixeira,407893
Miguel Tejada,123173
Ruben Tejada,514913
Anderson Tejeda,660731
Blake Tekotte,493574
Tomas Telis,542513
Rowdy Tellez,642133
Jose Tena,677588
Bryce Teodosio,669326
Emiliano Teodo,693713
Ryan Tepera,572193
Nick Tepesch,519344
Curtis Terry,663799
Jackson Tetreault,676194
Matt Thaiss,642136
Eric Thames,519346
Joe Thatcher,491159
Dale Thayer,445612
Ryan Theriot,444135
Caleb Thielbar,573204
Josh Thole,489365
Alek Thomas,677950
Cody Thomas,642137
Connor Thomas,671162
Colby Thomas,687515
Justin Thomas,476206
Lane Thomas,657041
Rhylan Thomas,689041
Jim Thome,123272
Bubba Thompson,669352
Jake Thompson,622097
Keegan Thompson,624522
Mason Thompson,666168
Ryan Thompson,657044
Trayce Thompson,572204
Zach Thompson,605507
Zack Thompson,668868
Matt Thornton,407819
Trent Thornton,663423
Tyler Thornburg,592804
Drew Thorpe,689672
Lewis Thorpe,626929
Blade Tidwell,694918
Ricky Tiedemann,694357
Chris Tillman,501957
Charlie Tilson,605508
Jesus Tinoco,622786
Carlos Tocci,624636
Michael Toglia,669911
Andrew Toles,592808
Payton Tolle,801139
Shawn Tolleson,474521
Steve Tolleson,476270
Yasmany Tomas,630111
Ka'ai Tom,664789
Josh Tomlin,458708
Kelby Tomlinson,605509
Jonah Tong,804636
Justin Topa,623437
Spencer Torkelson,679529
Abraham Toro,647351
Alex Torres,456776
Andres Torres,400083
Carlos Torres,448614
Gleyber Torres,650402
Jose Torres,600526
Luis Torrens,620443
Ronald Torreyes,591720
Yorvit Torrealba,150275
Touki Toussaint,657053
Ezequiel Tovar,678662
Wilfredo Tovar,541600
Chad Tracy,429710
Taylor Trammell,666211
Devon Travis,581527
Sam Travis,607752
Blake Treinen,595014
Alan Trejo,676701
Jose Trevino,624431
James Triantos,701649
Andrew Triggs,592811
Jared Triolo,669707
Carlos Triunfel,508892
Lou Trivino,642152
Chadwick Tromp,644433
Nicholas Tropeano,607374
Mike Trout,545361
Mark Trumbo,444432
Yoshitomo Tsutsugo,660294
Cole Tucker,657061
Kyle Tucker,663656
Preston Tucker,605512
Sam Tuivailala,592815
Troy Tulowitzki,453064
Brice Turang,668930
Spencer Turnbull,605513
Jacob Turner,545363
Justin Turner,457759
Trea Turner,607208
Kyle Tyler,667725
Edwin Uceta,670955
Koji Uehara,493157
Dan Uggla,462564
Duane Underwood Jr.,621249
Melvin Upton,425834
Justin Upton,457708
Jose Urena,570632
Richard Urena,620446
Julio Urias,628711
Luis Urias,649966
Ramon Urias,602104
Abner Uribe,682842
Juan Uribe,346874
Jose Urquidy,664353
Henry Urrutia,625329
Giovanny Urshela,570482
Chase Utley,400284
Naoyuki Uwasawa,683822
Pat Valaika,642162
Luis Valbuena,472528
Cesar Valdez,491624
Enmanuel Valdez,665839
Framber Valdez,664285
Jose Valdez,451990
Jordany Valdespin,518170
Phillips Valdez,570488
Raul Valdes,447744
Wilson Valdez,407832
Danny Valencia,502143
Breyvic Valera,591971
George Valera,671655
Jose Valverde,407878
Rick VandenHurk,462995
Josh VanMeter,642165
Scott Van Slyke,475100
Cesar Vargas,570714
Ildemaro Vargas,545121
Jason Vargas,450306
Kennys Vargas,573627
Miguel Vargas,678246
Gus Varland,681402
Louis Varland,686973
Daulton Varsho,662139
Anthony Varvaro,460008
Mike Vasil,678024
Esmerling Vasquez,458220
Randy Vasquez,681190
Andrew Vaughn,683734
Terrin Vavra,679631
Christian Vazquez,543877
Javier Vazquez,134320
Luis Vazquez,676679
Zac Veen,691728
Vincent Velasquez,592826
Andrew Velazquez,623205
Hector Velazquez,584171
Nelson Velazquez,676369
Will Venable,461416
Anthony Veneziano,685107
Jonny Venters,458924
Yordano Ventura,570649
Jose Veras,407842
Alex Verdugo,657077
Drew VerHagen,572403
Justin Verlander,434378
Logan Verrett,548337
Alex Vesia,681911
Will Vest,676684
Dayan Viciedo,493364
Shane Victorino,425664
Thyago Vieira,600986
Mark Vientos,668901
Matt Vierling,663837
Ryan Vilade,668723
Brayan Villarreal,500903
Carlos Villanueva,453646
Christian Villanueva,570799
David Villar,681584
Jonathan Villar,542340
Meibrys Viloria,650619
Nick Vincent,543883
Darius Vines,670241
Josh Vitters,519388
Jorbit Vivas,678391
Arodys Vizcaino,527055
Omar Vizquel,123744
Victor Vodnik,680767
Dan Vogelbach,596129
Ryan Vogelsong,285064
Stephen Vogt,519390
Luke Voit,572228
Anthony Volpe,683011
Edinson Volquez,450172
Chris Volstad,458690
Jason Vosler,613564
Austin Voth,608723
Joey Votto,458015
Michael Wacha,608379
Tsuyoshi Wada,493159
Cory Wade,460677
LaMonte Wade,664774
Tyler Wade,642180
Eric Wagaman,676572
Billy Wagner,123790
Will Wagner,695238
Jacob Waguespack,621097
Bobby Wahl,592833
Adam Wainwright,425794
Sebastian Walcott,806964
Jordan Walden,477229
Marcus Walden,519393
Ken Waldichuk,686610
Hurston Waldrep,694462
Kyle Waldrop,448252
Matt Waldron,663362
Christian Walker,572233
Jordan Walker,691023
Neil Walker,435522
Ryan Walker,676254
Steele Walker,667727
Taijuan Walker,592836
Brett Wallace,477165
Chad Wallach,595453
Forrest Wall,657088
Josh Wall,476205
Matt Wallner,670242
Taylor Walls,670764
Colin Walsh,595023
Jared Walsh,665120
Blake Walston,686796
Brandon Walter,687888
P.J. Walters,502208
Zach Walters,595025
Chien-Ming Wang,425426
Wei-Chung Wang,623913
Drew Ward,608380
Taylor Ward,621493
Thad Ward,663658
Adam Warren,476589
Art Warren,605521
Will Warren,701542
Drew Waters,671221
Spenser Watkins,657093
Tony Watson,453265
Ryan Weathers,677960
Jered Weaver,450308
Luke Weaver,596133
Brandon Webb,425630
Daniel Webb,543900
Jacob Webb,657097
Logan Webb,657277
Ryan Webb,444436
Tyler Webb,643778
Ryan Weber,543901
Allen Webster,543903
Jemile Weeks,457789
Rickie Weeks,430001
Jordan Weems,607179
Kyle Weiland,475095
Greg Weissert,669711
Colton Welker,666213
Austin Wells,669224
Casper Wells,489413
Randy Wells,448694
Tyler Wells,669330
Vernon Wells,150484
J.B. Wendelken,605525
Joey Wendle,621563
Joey Wentz,666214
Jayson Werth,150029
Hayden Wesneski,669713
Jake Westbrook,150414
Jordan Westburg,676059
JJ Wetherholt,802139
Ryan Wheeler,572253
Zack Wheeler,554430
Carson Whisenhunt,687931
Shay Whitcomb,694376
Alex White,502229
Colby White,686831
Eli White,642201
Evan White,657108
Mitch White,669952
Owen White,669391
Thomas White,806258
Tyler White,643603
Chase Whitley,595032
Forrest Whitley,666215
Garrett Whitlock,676477
Rowan Wick,592858
Jordan Wicks,696136
Taylor Widener,642203
Brad Wieck,623364
Joe Wieland,543921
Joey Wiemer,686894
Matt Wieters,446308
Ty Wigginton,421064
Tom Wilhelmsen,452666
Aaron Wilkerson,658792
Brock Wilken,694385
Steve Wilkerson,592859
Matt Wilkinson,683363
Alika Williams,675961
Ben Williamson,810938
Brandon Williamson,682227
Carson Williams,700246
Devin Williams,642207
Dontrelle Willis,425883
Gavin Williams,668909
Jerome Williams,425532
Jett Williams,702518
Josh Willingham,425545
Justin Williams,642211
Luke Williams,663897
Mason Williams,592863
Mac Williamson,607776
Nick Williams,608384
Taylor Williams,592865
Trevor Williams,592866
Alex Wilson,543935
Bobby Wilson,435064
Brian Wilson,451216
Bryse Wilson,669060
C.J. Wilson,450351
Jacob Wilson,805779
Justin Wilson,458677
Steven Wilson,621051
Weston Wilson,642215
Allan Winans,642216
Josh Winckowski,670174
Josh Winder,680739
Trey Wingenter,622259
Jesse Winker,608385
Dan Winkler,595465
Cole Winn,668390
Keaton Winn,676775
Masyn Winn,691026
Patrick Wisdom,621550
DeWayne Wise,276547
Brett Wisely,689172
Matt Wisler,605538
Bobby Witt Jr.,677951
Nick Wittgren,621295
Asher Wojciechowski,592879
Jackson Wolf,680232
Randy Wolf,150116
Tony Wolters,547172
Connor Wong,657136
Kean Wong,642221
Kolten Wong,543939
Bryan Woo,693433
Alex Wood,622072
Blake Wood,502028
Brandon Wood,457420
Jake Woodford,663765
Hunter Wood,621056
James Wood,695578
Kerry Wood,134268
Brandon Woodruff,605540
Simeon Woods-Richardson,680573
Tim Wood,445971
Travis Wood,475243
Brandon Workman,519443
Gage Workman,669398
Vance Worley,474699
Danny Worth,519445
David Wright,431151
Jamey Wright,124604
Kyle Wright,657140
Mike Wright,605541
Steven Wright,453214
Wesley Wright,449079
Justin Wrobleski,680736
Austin Wynns,642851
Jimmy Yacabonis,642231
Miguel Yajure,664337
Shun Yamaguchi,685493
Jordan Yamamoto,657141
Yoshinobu Yamamoto,808967
Ryan Yarbrough,642232
Mike Yastrzemski,573262
Kirby Yates,489446
Christian Yelich,592885
Juan Yepez,660766
Gabriel Ynoa,593679
Huascar Ynoa,660623
Craig Yoho,684974
Nick Yorke,694377
Masataka Yoshida,807799
Kevin Youkilis,425903
Alex Young,622065
Andy Young,670370
Brandon Young,687064
Chris Young,432934
Chris Young,455759
Cole Young,702284
Delmon Young,430321
Eric Young Jr.,458913
Jared Young,676724
Jacob Young,696285
Matt Young,457568
Michael Young,276545
Mark Zagunis,657145
Carlos Zambrano,407296
Aaron Zavala,701648
Seby Zavala,664874
Ryan Zeferjahn,666171
Angel Zerpa,672582
T.J. Zeuch,643615
Brad Ziegler,446899
Bradley Zimmer,605548
Bruce Zimmermann,669145
Jordan Zimmermann,519455
Kyle Zimmer,622092
Ryan Zimmerman,475582
Barry Zito,217096
Ben Zobrist,450314
Tyler Zuber,676604
Mike Zunino,572287
Tony Zych,543964
